username,password,full_name
alicechen0001,Pass0001,Alice Chen
bobchen0002,Pass0002,Bob Chen
carolchen0003,Pass0003,Carol Chen
davidchen0004,Pass0004,David Chen
evachen0005,Pass0005,Eva Chen
frankchen0006,Pass0006,Frank Chen
gracechen0007,Pass0007,Grace Chen
henrychen0008,Pass0008,Henry Chen
ivychen0009,Pass0009,Ivy Chen
jackchen0010,Pass0010,Jack Chen
kellychen0011,Pass0011,Kelly Chen
leochen0012,Pass0012,Leo Chen
miachen0013,Pass0013,Mia Chen
noahchen0014,Pass0014,Noah Chen
oliviachen0015,Pass0015,Olivia Chen
peterchen0016,Pass0016,Peter Chen
queenchen0017,Pass0017,Queen Chen
ryanchen0018,Pass0018,Ryan Chen
sophiachen0019,Pass0019,Sophia Chen
tomchen0020,Pass0020,Tom Chen
umachen0021,Pass0021,Uma Chen
victorchen0022,Pass0022,Victor Chen
wendychen0023,Pass0023,Wendy Chen
xavierchen0024,Pass0024,Xavier Chen
yunachen0025,Pass0025,Yuna Chen
zackchen0026,Pass0026,Zack Chen
amychen0027,Pass0027,Amy Chen
brianchen0028,Pass0028,Brian Chen
cindychen0029,Pass0029,Cindy Chen
derekchen0030,Pass0030,Derek Chen
emmachen0031,Pass0031,Emma Chen
felixchen0032,Pass0032,Felix Chen
ginachen0033,Pass0033,Gina Chen
howardchen0034,Pass0034,Howard Chen
islachen0035,Pass0035,Isla Chen
jasonchen0036,Pass0036,Jason Chen
katechen0037,Pass0037,Kate Chen
louischen0038,Pass0038,Louis Chen
mollychen0039,Pass0039,Molly Chen
nathanchen0040,Pass0040,Nathan Chen
aaronchen0041,Pass0041,Aaron Chen
bellachen0042,Pass0042,Bella Chen
chrischen0043,Pass0043,Chris Chen
dianachen0044,Pass0044,Diana Chen
ethanchen0045,Pass0045,Ethan Chen
fionachen0046,Pass0046,Fiona Chen
georgechen0047,Pass0047,George Chen
hannahchen0048,Pass0048,Hannah Chen
ianchen0049,Pass0049,Ian Chen
juliachen0050,Pass0050,Julia Chen
kevinchen0051,Pass0051,Kevin Chen
lindachen0052,Pass0052,Linda Chen
martinchen0053,Pass0053,Martin Chen
ninachen0054,Pass0054,Nina Chen
oscarchen0055,Pass0055,Oscar Chen
paulachen0056,Pass0056,Paula Chen
quinnchen0057,Pass0057,Quinn Chen
rubychen0058,Pass0058,Ruby Chen
samchen0059,Pass0059,Sam Chen
tinachen0060,Pass0060,Tina Chen
aliceli0061,Pass0061,Alice Li
bobli0062,Pass0062,Bob Li
carolli0063,Pass0063,Carol Li
davidli0064,Pass0064,David Li
evali0065,Pass0065,Eva Li
frankli0066,Pass0066,Frank Li
graceli0067,Pass0067,Grace Li
henryli0068,Pass0068,Henry Li
ivyli0069,Pass0069,Ivy Li
jackli0070,Pass0070,Jack Li
kellyli0071,Pass0071,Kelly Li
leoli0072,Pass0072,Leo Li
miali0073,Pass0073,Mia Li
noahli0074,Pass0074,Noah Li
oliviali0075,Pass0075,Olivia Li
peterli0076,Pass0076,Peter Li
queenli0077,Pass0077,Queen Li
ryanli0078,Pass0078,Ryan Li
sophiali0079,Pass0079,Sophia Li
tomli0080,Pass0080,Tom Li
umali0081,Pass0081,Uma Li
victorli0082,Pass0082,Victor Li
wendyli0083,Pass0083,Wendy Li
xavierli0084,Pass0084,Xavier Li
yunali0085,Pass0085,Yuna Li
zackli0086,Pass0086,Zack Li
amyli0087,Pass0087,Amy Li
brianli0088,Pass0088,Brian Li
cindyli0089,Pass0089,Cindy Li
derekli0090,Pass0090,Derek Li
emmali0091,Pass0091,Emma Li
felixli0092,Pass0092,Felix Li
ginali0093,Pass0093,Gina Li
howardli0094,Pass0094,Howard Li
islali0095,Pass0095,Isla Li
jasonli0096,Pass0096,Jason Li
kateli0097,Pass0097,Kate Li
louisli0098,Pass0098,Louis Li
mollyli0099,Pass0099,Molly Li
nathanli0100,Pass0100,Nathan Li
aaronli0101,Pass0101,Aaron Li
bellali0102,Pass0102,Bella Li
chrisli0103,Pass0103,Chris Li
dianali0104,Pass0104,Diana Li
ethanli0105,Pass0105,Ethan Li
fionali0106,Pass0106,Fiona Li
georgeli0107,Pass0107,George Li
hannahli0108,Pass0108,Hannah Li
ianli0109,Pass0109,Ian Li
juliali0110,Pass0110,Julia Li
kevinli0111,Pass0111,Kevin Li
lindali0112,Pass0112,Linda Li
martinli0113,Pass0113,Martin Li
ninali0114,Pass0114,Nina Li
oscarli0115,Pass0115,Oscar Li
paulali0116,Pass0116,Paula Li
quinnli0117,Pass0117,Quinn Li
rubyli0118,Pass0118,Ruby Li
samli0119,Pass0119,Sam Li
tinali0120,Pass0120,Tina Li
alicewang0121,Pass0121,Alice Wang
bobwang0122,Pass0122,Bob Wang
carolwang0123,Pass0123,Carol Wang
davidwang0124,Pass0124,David Wang
evawang0125,Pass0125,Eva Wang
frankwang0126,Pass0126,Frank Wang
gracewang0127,Pass0127,Grace Wang
henrywang0128,Pass0128,Henry Wang
ivywang0129,Pass0129,Ivy Wang
jackwang0130,Pass0130,Jack Wang
kellywang0131,Pass0131,Kelly Wang
leowang0132,Pass0132,Leo Wang
miawang0133,Pass0133,Mia Wang
noahwang0134,Pass0134,Noah Wang
oliviawang0135,Pass0135,Olivia Wang
peterwang0136,Pass0136,Peter Wang
queenwang0137,Pass0137,Queen Wang
ryanwang0138,Pass0138,Ryan Wang
sophiawang0139,Pass0139,Sophia Wang
tomwang0140,Pass0140,Tom Wang
umawang0141,Pass0141,Uma Wang
victorwang0142,Pass0142,Victor Wang
wendywang0143,Pass0143,Wendy Wang
xavierwang0144,Pass0144,Xavier Wang
yunawang0145,Pass0145,Yuna Wang
zackwang0146,Pass0146,Zack Wang
amywang0147,Pass0147,Amy Wang
brianwang0148,Pass0148,Brian Wang
cindywang0149,Pass0149,Cindy Wang
derekwang0150,Pass0150,Derek Wang
emmawang0151,Pass0151,Emma Wang
felixwang0152,Pass0152,Felix Wang
ginawang0153,Pass0153,Gina Wang
howardwang0154,Pass0154,Howard Wang
islawang0155,Pass0155,Isla Wang
jasonwang0156,Pass0156,Jason Wang
katewang0157,Pass0157,Kate Wang
louiswang0158,Pass0158,Louis Wang
mollywang0159,Pass0159,Molly Wang
nathanwang0160,Pass0160,Nathan Wang
aaronwang0161,Pass0161,Aaron Wang
bellawang0162,Pass0162,Bella Wang
chriswang0163,Pass0163,Chris Wang
dianawang0164,Pass0164,Diana Wang
ethanwang0165,Pass0165,Ethan Wang
fionawang0166,Pass0166,Fiona Wang
georgewang0167,Pass0167,George Wang
hannahwang0168,Pass0168,Hannah Wang
ianwang0169,Pass0169,Ian Wang
juliawang0170,Pass0170,Julia Wang
kevinwang0171,Pass0171,Kevin Wang
lindawang0172,Pass0172,Linda Wang
martinwang0173,Pass0173,Martin Wang
ninawang0174,Pass0174,Nina Wang
oscarwang0175,Pass0175,Oscar Wang
paulawang0176,Pass0176,Paula Wang
quinnwang0177,Pass0177,Quinn Wang
rubywang0178,Pass0178,Ruby Wang
samwang0179,Pass0179,Sam Wang
tinawang0180,Pass0180,Tina Wang
alicezhang0181,Pass0181,Alice Zhang
bobzhang0182,Pass0182,Bob Zhang
carolzhang0183,Pass0183,Carol Zhang
davidzhang0184,Pass0184,David Zhang
evazhang0185,Pass0185,Eva Zhang
frankzhang0186,Pass0186,Frank Zhang
gracezhang0187,Pass0187,Grace Zhang
henryzhang0188,Pass0188,Henry Zhang
ivyzhang0189,Pass0189,Ivy Zhang
jackzhang0190,Pass0190,Jack Zhang
kellyzhang0191,Pass0191,Kelly Zhang
leozhang0192,Pass0192,Leo Zhang
miazhang0193,Pass0193,Mia Zhang
noahzhang0194,Pass0194,Noah Zhang
oliviazhang0195,Pass0195,Olivia Zhang
peterzhang0196,Pass0196,Peter Zhang
queenzhang0197,Pass0197,Queen Zhang
ryanzhang0198,Pass0198,Ryan Zhang
sophiazhang0199,Pass0199,Sophia Zhang
tomzhang0200,Pass0200,Tom Zhang
umazhang0201,Pass0201,Uma Zhang
victorzhang0202,Pass0202,Victor Zhang
wendyzhang0203,Pass0203,Wendy Zhang
xavierzhang0204,Pass0204,Xavier Zhang
yunazhang0205,Pass0205,Yuna Zhang
zackzhang0206,Pass0206,Zack Zhang
amyzhang0207,Pass0207,Amy Zhang
brianzhang0208,Pass0208,Brian Zhang
cindyzhang0209,Pass0209,Cindy Zhang
derekzhang0210,Pass0210,Derek Zhang
emmazhang0211,Pass0211,Emma Zhang
felixzhang0212,Pass0212,Felix Zhang
ginazhang0213,Pass0213,Gina Zhang
howardzhang0214,Pass0214,Howard Zhang
islazhang0215,Pass0215,Isla Zhang
jasonzhang0216,Pass0216,Jason Zhang
katezhang0217,Pass0217,Kate Zhang
louiszhang0218,Pass0218,Louis Zhang
mollyzhang0219,Pass0219,Molly Zhang
nathanzhang0220,Pass0220,Nathan Zhang
aaronzhang0221,Pass0221,Aaron Zhang
bellazhang0222,Pass0222,Bella Zhang
chriszhang0223,Pass0223,Chris Zhang
dianazhang0224,Pass0224,Diana Zhang
ethanzhang0225,Pass0225,Ethan Zhang
fionazhang0226,Pass0226,Fiona Zhang
georgezhang0227,Pass0227,George Zhang
hannahzhang0228,Pass0228,Hannah Zhang
ianzhang0229,Pass0229,Ian Zhang
juliazhang0230,Pass0230,Julia Zhang
kevinzhang0231,Pass0231,Kevin Zhang
lindazhang0232,Pass0232,Linda Zhang
martinzhang0233,Pass0233,Martin Zhang
ninazhang0234,Pass0234,Nina Zhang
oscarzhang0235,Pass0235,Oscar Zhang
paulazhang0236,Pass0236,Paula Zhang
quinnzhang0237,Pass0237,Quinn Zhang
rubyzhang0238,Pass0238,Ruby Zhang
samzhang0239,Pass0239,Sam Zhang
tinazhang0240,Pass0240,Tina Zhang
aliceliu0241,Pass0241,Alice Liu
bobliu0242,Pass0242,Bob Liu
carolliu0243,Pass0243,Carol Liu
davidliu0244,Pass0244,David Liu
evaliu0245,Pass0245,Eva Liu
frankliu0246,Pass0246,Frank Liu
graceliu0247,Pass0247,Grace Liu
henryliu0248,Pass0248,Henry Liu
ivyliu0249,Pass0249,Ivy Liu
jackliu0250,Pass0250,Jack Liu
kellyliu0251,Pass0251,Kelly Liu
leoliu0252,Pass0252,Leo Liu
mialiu0253,Pass0253,Mia Liu
noahliu0254,Pass0254,Noah Liu
olivialiu0255,Pass0255,Olivia Liu
peterliu0256,Pass0256,Peter Liu
queenliu0257,Pass0257,Queen Liu
ryanliu0258,Pass0258,Ryan Liu
sophialiu0259,Pass0259,Sophia Liu
tomliu0260,Pass0260,Tom Liu
umaliu0261,Pass0261,Uma Liu
victorliu0262,Pass0262,Victor Liu
wendyliu0263,Pass0263,Wendy Liu
xavierliu0264,Pass0264,Xavier Liu
yunaliu0265,Pass0265,Yuna Liu
zackliu0266,Pass0266,Zack Liu
amyliu0267,Pass0267,Amy Liu
brianliu0268,Pass0268,Brian Liu
cindyliu0269,Pass0269,Cindy Liu
derekliu0270,Pass0270,Derek Liu
emmaliu0271,Pass0271,Emma Liu
felixliu0272,Pass0272,Felix Liu
ginaliu0273,Pass0273,Gina Liu
howardliu0274,Pass0274,Howard Liu
islaliu0275,Pass0275,Isla Liu
jasonliu0276,Pass0276,Jason Liu
kateliu0277,Pass0277,Kate Liu
louisliu0278,Pass0278,Louis Liu
mollyliu0279,Pass0279,Molly Liu
nathanliu0280,Pass0280,Nathan Liu
aaronliu0281,Pass0281,Aaron Liu
bellaliu0282,Pass0282,Bella Liu
chrisliu0283,Pass0283,Chris Liu
dianaliu0284,Pass0284,Diana Liu
ethanliu0285,Pass0285,Ethan Liu
fionaliu0286,Pass0286,Fiona Liu
georgeliu0287,Pass0287,George Liu
hannahliu0288,Pass0288,Hannah Liu
ianliu0289,Pass0289,Ian Liu
julialiu0290,Pass0290,Julia Liu
kevinliu0291,Pass0291,Kevin Liu
lindaliu0292,Pass0292,Linda Liu
martinliu0293,Pass0293,Martin Liu
ninaliu0294,Pass0294,Nina Liu
oscarliu0295,Pass0295,Oscar Liu
paulaliu0296,Pass0296,Paula Liu
quinnliu0297,Pass0297,Quinn Liu
rubyliu0298,Pass0298,Ruby Liu
samliu0299,Pass0299,Sam Liu
tinaliu0300,Pass0300,Tina Liu
aliceyang0301,Pass0301,Alice Yang
bobyang0302,Pass0302,Bob Yang
carolyang0303,Pass0303,Carol Yang
davidyang0304,Pass0304,David Yang
evayang0305,Pass0305,Eva Yang
frankyang0306,Pass0306,Frank Yang
graceyang0307,Pass0307,Grace Yang
henryyang0308,Pass0308,Henry Yang
ivyyang0309,Pass0309,Ivy Yang
jackyang0310,Pass0310,Jack Yang
kellyyang0311,Pass0311,Kelly Yang
leoyang0312,Pass0312,Leo Yang
miayang0313,Pass0313,Mia Yang
noahyang0314,Pass0314,Noah Yang
oliviayang0315,Pass0315,Olivia Yang
peteryang0316,Pass0316,Peter Yang
queenyang0317,Pass0317,Queen Yang
ryanyang0318,Pass0318,Ryan Yang
sophiayang0319,Pass0319,Sophia Yang
tomyang0320,Pass0320,Tom Yang
umayang0321,Pass0321,Uma Yang
victoryang0322,Pass0322,Victor Yang
wendyyang0323,Pass0323,Wendy Yang
xavieryang0324,Pass0324,Xavier Yang
yunayang0325,Pass0325,Yuna Yang
zackyang0326,Pass0326,Zack Yang
amyyang0327,Pass0327,Amy Yang
brianyang0328,Pass0328,Brian Yang
cindyyang0329,Pass0329,Cindy Yang
derekyang0330,Pass0330,Derek Yang
emmayang0331,Pass0331,Emma Yang
felixyang0332,Pass0332,Felix Yang
ginayang0333,Pass0333,Gina Yang
howardyang0334,Pass0334,Howard Yang
islayang0335,Pass0335,Isla Yang
jasonyang0336,Pass0336,Jason Yang
kateyang0337,Pass0337,Kate Yang
louisyang0338,Pass0338,Louis Yang
mollyyang0339,Pass0339,Molly Yang
nathanyang0340,Pass0340,Nathan Yang
aaronyang0341,Pass0341,Aaron Yang
bellayang0342,Pass0342,Bella Yang
chrisyang0343,Pass0343,Chris Yang
dianayang0344,Pass0344,Diana Yang
ethanyang0345,Pass0345,Ethan Yang
fionayang0346,Pass0346,Fiona Yang
georgeyang0347,Pass0347,George Yang
hannahyang0348,Pass0348,Hannah Yang
ianyang0349,Pass0349,Ian Yang
juliayang0350,Pass0350,Julia Yang
kevinyang0351,Pass0351,Kevin Yang
lindayang0352,Pass0352,Linda Yang
martinyang0353,Pass0353,Martin Yang
ninayang0354,Pass0354,Nina Yang
oscaryang0355,Pass0355,Oscar Yang
paulayang0356,Pass0356,Paula Yang
quinnyang0357,Pass0357,Quinn Yang
rubyyang0358,Pass0358,Ruby Yang
samyang0359,Pass0359,Sam Yang
tinayang0360,Pass0360,Tina Yang
alicehuang0361,Pass0361,Alice Huang
bobhuang0362,Pass0362,Bob Huang
carolhuang0363,Pass0363,Carol Huang
davidhuang0364,Pass0364,David Huang
evahuang0365,Pass0365,Eva Huang
frankhuang0366,Pass0366,Frank Huang
gracehuang0367,Pass0367,Grace Huang
henryhuang0368,Pass0368,Henry Huang
ivyhuang0369,Pass0369,Ivy Huang
jackhuang0370,Pass0370,Jack Huang
kellyhuang0371,Pass0371,Kelly Huang
leohuang0372,Pass0372,Leo Huang
miahuang0373,Pass0373,Mia Huang
noahhuang0374,Pass0374,Noah Huang
oliviahuang0375,Pass0375,Olivia Huang
peterhuang0376,Pass0376,Peter Huang
queenhuang0377,Pass0377,Queen Huang
ryanhuang0378,Pass0378,Ryan Huang
sophiahuang0379,Pass0379,Sophia Huang
tomhuang0380,Pass0380,Tom Huang
umahuang0381,Pass0381,Uma Huang
victorhuang0382,Pass0382,Victor Huang
wendyhuang0383,Pass0383,Wendy Huang
xavierhuang0384,Pass0384,Xavier Huang
yunahuang0385,Pass0385,Yuna Huang
zackhuang0386,Pass0386,Zack Huang
amyhuang0387,Pass0387,Amy Huang
brianhuang0388,Pass0388,Brian Huang
cindyhuang0389,Pass0389,Cindy Huang
derekhuang0390,Pass0390,Derek Huang
emmahuang0391,Pass0391,Emma Huang
felixhuang0392,Pass0392,Felix Huang
ginahuang0393,Pass0393,Gina Huang
howardhuang0394,Pass0394,Howard Huang
islahuang0395,Pass0395,Isla Huang
jasonhuang0396,Pass0396,Jason Huang
katehuang0397,Pass0397,Kate Huang
louishuang0398,Pass0398,Louis Huang
mollyhuang0399,Pass0399,Molly Huang
nathanhuang0400,Pass0400,Nathan Huang
aaronhuang0401,Pass0401,Aaron Huang
bellahuang0402,Pass0402,Bella Huang
chrishuang0403,Pass0403,Chris Huang
dianahuang0404,Pass0404,Diana Huang
ethanhuang0405,Pass0405,Ethan Huang
fionahuang0406,Pass0406,Fiona Huang
georgehuang0407,Pass0407,George Huang
hannahhuang0408,Pass0408,Hannah Huang
ianhuang0409,Pass0409,Ian Huang
juliahuang0410,Pass0410,Julia Huang
kevinhuang0411,Pass0411,Kevin Huang
lindahuang0412,Pass0412,Linda Huang
martinhuang0413,Pass0413,Martin Huang
ninahuang0414,Pass0414,Nina Huang
oscarhuang0415,Pass0415,Oscar Huang
paulahuang0416,Pass0416,Paula Huang
quinnhuang0417,Pass0417,Quinn Huang
rubyhuang0418,Pass0418,Ruby Huang
samhuang0419,Pass0419,Sam Huang
tinahuang0420,Pass0420,Tina Huang
alicezhao0421,Pass0421,Alice Zhao
bobzhao0422,Pass0422,Bob Zhao
carolzhao0423,Pass0423,Carol Zhao
davidzhao0424,Pass0424,David Zhao
evazhao0425,Pass0425,Eva Zhao
frankzhao0426,Pass0426,Frank Zhao
gracezhao0427,Pass0427,Grace Zhao
henryzhao0428,Pass0428,Henry Zhao
ivyzhao0429,Pass0429,Ivy Zhao
jackzhao0430,Pass0430,Jack Zhao
kellyzhao0431,Pass0431,Kelly Zhao
leozhao0432,Pass0432,Leo Zhao
miazhao0433,Pass0433,Mia Zhao
noahzhao0434,Pass0434,Noah Zhao
oliviazhao0435,Pass0435,Olivia Zhao
peterzhao0436,Pass0436,Peter Zhao
queenzhao0437,Pass0437,Queen Zhao
ryanzhao0438,Pass0438,Ryan Zhao
sophiazhao0439,Pass0439,Sophia Zhao
tomzhao0440,Pass0440,Tom Zhao
umazhao0441,Pass0441,Uma Zhao
victorzhao0442,Pass0442,Victor Zhao
wendyzhao0443,Pass0443,Wendy Zhao
xavierzhao0444,Pass0444,Xavier Zhao
yunazhao0445,Pass0445,Yuna Zhao
zackzhao0446,Pass0446,Zack Zhao
amyzhao0447,Pass0447,Amy Zhao
brianzhao0448,Pass0448,Brian Zhao
cindyzhao0449,Pass0449,Cindy Zhao
derekzhao0450,Pass0450,Derek Zhao
emmazhao0451,Pass0451,Emma Zhao
felixzhao0452,Pass0452,Felix Zhao
ginazhao0453,Pass0453,Gina Zhao
howardzhao0454,Pass0454,Howard Zhao
islazhao0455,Pass0455,Isla Zhao
jasonzhao0456,Pass0456,Jason Zhao
katezhao0457,Pass0457,Kate Zhao
louiszhao0458,Pass0458,Louis Zhao
mollyzhao0459,Pass0459,Molly Zhao
nathanzhao0460,Pass0460,Nathan Zhao
aaronzhao0461,Pass0461,Aaron Zhao
bellazhao0462,Pass0462,Bella Zhao
chriszhao0463,Pass0463,Chris Zhao
dianazhao0464,Pass0464,Diana Zhao
ethanzhao0465,Pass0465,Ethan Zhao
fionazhao0466,Pass0466,Fiona Zhao
georgezhao0467,Pass0467,George Zhao
hannahzhao0468,Pass0468,Hannah Zhao
ianzhao0469,Pass0469,Ian Zhao
juliazhao0470,Pass0470,Julia Zhao
kevinzhao0471,Pass0471,Kevin Zhao
lindazhao0472,Pass0472,Linda Zhao
martinzhao0473,Pass0473,Martin Zhao
ninazhao0474,Pass0474,Nina Zhao
oscarzhao0475,Pass0475,Oscar Zhao
paulazhao0476,Pass0476,Paula Zhao
quinnzhao0477,Pass0477,Quinn Zhao
rubyzhao0478,Pass0478,Ruby Zhao
samzhao0479,Pass0479,Sam Zhao
tinazhao0480,Pass0480,Tina Zhao
alicewu0481,Pass0481,Alice Wu
bobwu0482,Pass0482,Bob Wu
carolwu0483,Pass0483,Carol Wu
davidwu0484,Pass0484,David Wu
evawu0485,Pass0485,Eva Wu
frankwu0486,Pass0486,Frank Wu
gracewu0487,Pass0487,Grace Wu
henrywu0488,Pass0488,Henry Wu
ivywu0489,Pass0489,Ivy Wu
jackwu0490,Pass0490,Jack Wu
kellywu0491,Pass0491,Kelly Wu
leowu0492,Pass0492,Leo Wu
miawu0493,Pass0493,Mia Wu
noahwu0494,Pass0494,Noah Wu
oliviawu0495,Pass0495,Olivia Wu
peterwu0496,Pass0496,Peter Wu
queenwu0497,Pass0497,Queen Wu
ryanwu0498,Pass0498,Ryan Wu
sophiawu0499,Pass0499,Sophia Wu
tomwu0500,Pass0500,Tom Wu
umawu0501,Pass0501,Uma Wu
victorwu0502,Pass0502,Victor Wu
wendywu0503,Pass0503,Wendy Wu
xavierwu0504,Pass0504,Xavier Wu
yunawu0505,Pass0505,Yuna Wu
zackwu0506,Pass0506,Zack Wu
amywu0507,Pass0507,Amy Wu
brianwu0508,Pass0508,Brian Wu
cindywu0509,Pass0509,Cindy Wu
derekwu0510,Pass0510,Derek Wu
emmawu0511,Pass0511,Emma Wu
felixwu0512,Pass0512,Felix Wu
ginawu0513,Pass0513,Gina Wu
howardwu0514,Pass0514,Howard Wu
islawu0515,Pass0515,Isla Wu
jasonwu0516,Pass0516,Jason Wu
katewu0517,Pass0517,Kate Wu
louiswu0518,Pass0518,Louis Wu
mollywu0519,Pass0519,Molly Wu
nathanwu0520,Pass0520,Nathan Wu
aaronwu0521,Pass0521,Aaron Wu
bellawu0522,Pass0522,Bella Wu
chriswu0523,Pass0523,Chris Wu
dianawu0524,Pass0524,Diana Wu
ethanwu0525,Pass0525,Ethan Wu
fionawu0526,Pass0526,Fiona Wu
georgewu0527,Pass0527,George Wu
hannahwu0528,Pass0528,Hannah Wu
ianwu0529,Pass0529,Ian Wu
juliawu0530,Pass0530,Julia Wu
kevinwu0531,Pass0531,Kevin Wu
lindawu0532,Pass0532,Linda Wu
martinwu0533,Pass0533,Martin Wu
ninawu0534,Pass0534,Nina Wu
oscarwu0535,Pass0535,Oscar Wu
paulawu0536,Pass0536,Paula Wu
quinnwu0537,Pass0537,Quinn Wu
rubywu0538,Pass0538,Ruby Wu
samwu0539,Pass0539,Sam Wu
tinawu0540,Pass0540,Tina Wu
alicezhou0541,Pass0541,Alice Zhou
bobzhou0542,Pass0542,Bob Zhou
carolzhou0543,Pass0543,Carol Zhou
davidzhou0544,Pass0544,David Zhou
evazhou0545,Pass0545,Eva Zhou
frankzhou0546,Pass0546,Frank Zhou
gracezhou0547,Pass0547,Grace Zhou
henryzhou0548,Pass0548,Henry Zhou
ivyzhou0549,Pass0549,Ivy Zhou
jackzhou0550,Pass0550,Jack Zhou
kellyzhou0551,Pass0551,Kelly Zhou
leozhou0552,Pass0552,Leo Zhou
miazhou0553,Pass0553,Mia Zhou
noahzhou0554,Pass0554,Noah Zhou
oliviazhou0555,Pass0555,Olivia Zhou
peterzhou0556,Pass0556,Peter Zhou
queenzhou0557,Pass0557,Queen Zhou
ryanzhou0558,Pass0558,Ryan Zhou
sophiazhou0559,Pass0559,Sophia Zhou
tomzhou0560,Pass0560,Tom Zhou
umazhou0561,Pass0561,Uma Zhou
victorzhou0562,Pass0562,Victor Zhou
wendyzhou0563,Pass0563,Wendy Zhou
xavierzhou0564,Pass0564,Xavier Zhou
yunazhou0565,Pass0565,Yuna Zhou
zackzhou0566,Pass0566,Zack Zhou
amyzhou0567,Pass0567,Amy Zhou
brianzhou0568,Pass0568,Brian Zhou
cindyzhou0569,Pass0569,Cindy Zhou
derekzhou0570,Pass0570,Derek Zhou
emmazhou0571,Pass0571,Emma Zhou
felixzhou0572,Pass0572,Felix Zhou
ginazhou0573,Pass0573,Gina Zhou
howardzhou0574,Pass0574,Howard Zhou
islazhou0575,Pass0575,Isla Zhou
jasonzhou0576,Pass0576,Jason Zhou
katezhou0577,Pass0577,Kate Zhou
louiszhou0578,Pass0578,Louis Zhou
mollyzhou0579,Pass0579,Molly Zhou
nathanzhou0580,Pass0580,Nathan Zhou
aaronzhou0581,Pass0581,Aaron Zhou
bellazhou0582,Pass0582,Bella Zhou
chriszhou0583,Pass0583,Chris Zhou
dianazhou0584,Pass0584,Diana Zhou
ethanzhou0585,Pass0585,Ethan Zhou
fionazhou0586,Pass0586,Fiona Zhou
georgezhou0587,Pass0587,George Zhou
hannahzhou0588,Pass0588,Hannah Zhou
ianzhou0589,Pass0589,Ian Zhou
juliazhou0590,Pass0590,Julia Zhou
kevinzhou0591,Pass0591,Kevin Zhou
lindazhou0592,Pass0592,Linda Zhou
martinzhou0593,Pass0593,Martin Zhou
ninazhou0594,Pass0594,Nina Zhou
oscarzhou0595,Pass0595,Oscar Zhou
paulazhou0596,Pass0596,Paula Zhou
quinnzhou0597,Pass0597,Quinn Zhou
rubyzhou0598,Pass0598,Ruby Zhou
samzhou0599,Pass0599,Sam Zhou
tinazhou0600,Pass0600,Tina Zhou
alicexu0601,Pass0601,Alice Xu
bobxu0602,Pass0602,Bob Xu
carolxu0603,Pass0603,Carol Xu
davidxu0604,Pass0604,David Xu
evaxu0605,Pass0605,Eva Xu
frankxu0606,Pass0606,Frank Xu
gracexu0607,Pass0607,Grace Xu
henryxu0608,Pass0608,Henry Xu
ivyxu0609,Pass0609,Ivy Xu
jackxu0610,Pass0610,Jack Xu
kellyxu0611,Pass0611,Kelly Xu
leoxu0612,Pass0612,Leo Xu
miaxu0613,Pass0613,Mia Xu
noahxu0614,Pass0614,Noah Xu
oliviaxu0615,Pass0615,Olivia Xu
peterxu0616,Pass0616,Peter Xu
queenxu0617,Pass0617,Queen Xu
ryanxu0618,Pass0618,Ryan Xu
sophiaxu0619,Pass0619,Sophia Xu
tomxu0620,Pass0620,Tom Xu
umaxu0621,Pass0621,Uma Xu
victorxu0622,Pass0622,Victor Xu
wendyxu0623,Pass0623,Wendy Xu
xavierxu0624,Pass0624,Xavier Xu
yunaxu0625,Pass0625,Yuna Xu
zackxu0626,Pass0626,Zack Xu
amyxu0627,Pass0627,Amy Xu
brianxu0628,Pass0628,Brian Xu
cindyxu0629,Pass0629,Cindy Xu
derekxu0630,Pass0630,Derek Xu
emmaxu0631,Pass0631,Emma Xu
felixxu0632,Pass0632,Felix Xu
ginaxu0633,Pass0633,Gina Xu
howardxu0634,Pass0634,Howard Xu
islaxu0635,Pass0635,Isla Xu
jasonxu0636,Pass0636,Jason Xu
katexu0637,Pass0637,Kate Xu
louisxu0638,Pass0638,Louis Xu
mollyxu0639,Pass0639,Molly Xu
nathanxu0640,Pass0640,Nathan Xu
aaronxu0641,Pass0641,Aaron Xu
bellaxu0642,Pass0642,Bella Xu
chrisxu0643,Pass0643,Chris Xu
dianaxu0644,Pass0644,Diana Xu
ethanxu0645,Pass0645,Ethan Xu
fionaxu0646,Pass0646,Fiona Xu
georgexu0647,Pass0647,George Xu
hannahxu0648,Pass0648,Hannah Xu
ianxu0649,Pass0649,Ian Xu
juliaxu0650,Pass0650,Julia Xu
kevinxu0651,Pass0651,Kevin Xu
lindaxu0652,Pass0652,Linda Xu
martinxu0653,Pass0653,Martin Xu
ninaxu0654,Pass0654,Nina Xu
oscarxu0655,Pass0655,Oscar Xu
paulaxu0656,Pass0656,Paula Xu
quinnxu0657,Pass0657,Quinn Xu
rubyxu0658,Pass0658,Ruby Xu
samxu0659,Pass0659,Sam Xu
tinaxu0660,Pass0660,Tina Xu
alicesun0661,Pass0661,Alice Sun
bobsun0662,Pass0662,Bob Sun
carolsun0663,Pass0663,Carol Sun
davidsun0664,Pass0664,David Sun
evasun0665,Pass0665,Eva Sun
franksun0666,Pass0666,Frank Sun
gracesun0667,Pass0667,Grace Sun
henrysun0668,Pass0668,Henry Sun
ivysun0669,Pass0669,Ivy Sun
jacksun0670,Pass0670,Jack Sun
kellysun0671,Pass0671,Kelly Sun
leosun0672,Pass0672,Leo Sun
miasun0673,Pass0673,Mia Sun
noahsun0674,Pass0674,Noah Sun
oliviasun0675,Pass0675,Olivia Sun
petersun0676,Pass0676,Peter Sun
queensun0677,Pass0677,Queen Sun
ryansun0678,Pass0678,Ryan Sun
sophiasun0679,Pass0679,Sophia Sun
tomsun0680,Pass0680,Tom Sun
umasun0681,Pass0681,Uma Sun
victorsun0682,Pass0682,Victor Sun
wendysun0683,Pass0683,Wendy Sun
xaviersun0684,Pass0684,Xavier Sun
yunasun0685,Pass0685,Yuna Sun
zacksun0686,Pass0686,Zack Sun
amysun0687,Pass0687,Amy Sun
briansun0688,Pass0688,Brian Sun
cindysun0689,Pass0689,Cindy Sun
dereksun0690,Pass0690,Derek Sun
emmasun0691,Pass0691,Emma Sun
felixsun0692,Pass0692,Felix Sun
ginasun0693,Pass0693,Gina Sun
howardsun0694,Pass0694,Howard Sun
islasun0695,Pass0695,Isla Sun
jasonsun0696,Pass0696,Jason Sun
katesun0697,Pass0697,Kate Sun
louissun0698,Pass0698,Louis Sun
mollysun0699,Pass0699,Molly Sun
nathansun0700,Pass0700,Nathan Sun
aaronsun0701,Pass0701,Aaron Sun
bellasun0702,Pass0702,Bella Sun
chrissun0703,Pass0703,Chris Sun
dianasun0704,Pass0704,Diana Sun
ethansun0705,Pass0705,Ethan Sun
fionasun0706,Pass0706,Fiona Sun
georgesun0707,Pass0707,George Sun
hannahsun0708,Pass0708,Hannah Sun
iansun0709,Pass0709,Ian Sun
juliasun0710,Pass0710,Julia Sun
kevinsun0711,Pass0711,Kevin Sun
lindasun0712,Pass0712,Linda Sun
martinsun0713,Pass0713,Martin Sun
ninasun0714,Pass0714,Nina Sun
oscarsun0715,Pass0715,Oscar Sun
paulasun0716,Pass0716,Paula Sun
quinnsun0717,Pass0717,Quinn Sun
rubysun0718,Pass0718,Ruby Sun
samsun0719,Pass0719,Sam Sun
tinasun0720,Pass0720,Tina Sun
alicema0721,Pass0721,Alice Ma
bobma0722,Pass0722,Bob Ma
carolma0723,Pass0723,Carol Ma
davidma0724,Pass0724,David Ma
evama0725,Pass0725,Eva Ma
frankma0726,Pass0726,Frank Ma
gracema0727,Pass0727,Grace Ma
henryma0728,Pass0728,Henry Ma
ivyma0729,Pass0729,Ivy Ma
jackma0730,Pass0730,Jack Ma
kellyma0731,Pass0731,Kelly Ma
leoma0732,Pass0732,Leo Ma
miama0733,Pass0733,Mia Ma
noahma0734,Pass0734,Noah Ma
oliviama0735,Pass0735,Olivia Ma
peterma0736,Pass0736,Peter Ma
queenma0737,Pass0737,Queen Ma
ryanma0738,Pass0738,Ryan Ma
sophiama0739,Pass0739,Sophia Ma
tomma0740,Pass0740,Tom Ma
umama0741,Pass0741,Uma Ma
victorma0742,Pass0742,Victor Ma
wendyma0743,Pass0743,Wendy Ma
xavierma0744,Pass0744,Xavier Ma
yunama0745,Pass0745,Yuna Ma
zackma0746,Pass0746,Zack Ma
amyma0747,Pass0747,Amy Ma
brianma0748,Pass0748,Brian Ma
cindyma0749,Pass0749,Cindy Ma
derekma0750,Pass0750,Derek Ma
emmama0751,Pass0751,Emma Ma
felixma0752,Pass0752,Felix Ma
ginama0753,Pass0753,Gina Ma
howardma0754,Pass0754,Howard Ma
islama0755,Pass0755,Isla Ma
jasonma0756,Pass0756,Jason Ma
katema0757,Pass0757,Kate Ma
louisma0758,Pass0758,Louis Ma
mollyma0759,Pass0759,Molly Ma
nathanma0760,Pass0760,Nathan Ma
aaronma0761,Pass0761,Aaron Ma
bellama0762,Pass0762,Bella Ma
chrisma0763,Pass0763,Chris Ma
dianama0764,Pass0764,Diana Ma
ethanma0765,Pass0765,Ethan Ma
fionama0766,Pass0766,Fiona Ma
georgema0767,Pass0767,George Ma
hannahma0768,Pass0768,Hannah Ma
ianma0769,Pass0769,Ian Ma
juliama0770,Pass0770,Julia Ma
kevinma0771,Pass0771,Kevin Ma
lindama0772,Pass0772,Linda Ma
martinma0773,Pass0773,Martin Ma
ninama0774,Pass0774,Nina Ma
oscarma0775,Pass0775,Oscar Ma
paulama0776,Pass0776,Paula Ma
quinnma0777,Pass0777,Quinn Ma
rubyma0778,Pass0778,Ruby Ma
samma0779,Pass0779,Sam Ma
tinama0780,Pass0780,Tina Ma
alicezhu0781,Pass0781,Alice Zhu
bobzhu0782,Pass0782,Bob Zhu
carolzhu0783,Pass0783,Carol Zhu
davidzhu0784,Pass0784,David Zhu
evazhu0785,Pass0785,Eva Zhu
frankzhu0786,Pass0786,Frank Zhu
gracezhu0787,Pass0787,Grace Zhu
henryzhu0788,Pass0788,Henry Zhu
ivyzhu0789,Pass0789,Ivy Zhu
jackzhu0790,Pass0790,Jack Zhu
kellyzhu0791,Pass0791,Kelly Zhu
leozhu0792,Pass0792,Leo Zhu
miazhu0793,Pass0793,Mia Zhu
noahzhu0794,Pass0794,Noah Zhu
oliviazhu0795,Pass0795,Olivia Zhu
peterzhu0796,Pass0796,Peter Zhu
queenzhu0797,Pass0797,Queen Zhu
ryanzhu0798,Pass0798,Ryan Zhu
sophiazhu0799,Pass0799,Sophia Zhu
tomzhu0800,Pass0800,Tom Zhu
umazhu0801,Pass0801,Uma Zhu
victorzhu0802,Pass0802,Victor Zhu
wendyzhu0803,Pass0803,Wendy Zhu
xavierzhu0804,Pass0804,Xavier Zhu
yunazhu0805,Pass0805,Yuna Zhu
zackzhu0806,Pass0806,Zack Zhu
amyzhu0807,Pass0807,Amy Zhu
brianzhu0808,Pass0808,Brian Zhu
cindyzhu0809,Pass0809,Cindy Zhu
derekzhu0810,Pass0810,Derek Zhu
emmazhu0811,Pass0811,Emma Zhu
felixzhu0812,Pass0812,Felix Zhu
ginazhu0813,Pass0813,Gina Zhu
howardzhu0814,Pass0814,Howard Zhu
islazhu0815,Pass0815,Isla Zhu
jasonzhu0816,Pass0816,Jason Zhu
katezhu0817,Pass0817,Kate Zhu
louiszhu0818,Pass0818,Louis Zhu
mollyzhu0819,Pass0819,Molly Zhu
nathanzhu0820,Pass0820,Nathan Zhu
aaronzhu0821,Pass0821,Aaron Zhu
bellazhu0822,Pass0822,Bella Zhu
chriszhu0823,Pass0823,Chris Zhu
dianazhu0824,Pass0824,Diana Zhu
ethanzhu0825,Pass0825,Ethan Zhu
fionazhu0826,Pass0826,Fiona Zhu
georgezhu0827,Pass0827,George Zhu
hannahzhu0828,Pass0828,Hannah Zhu
ianzhu0829,Pass0829,Ian Zhu
juliazhu0830,Pass0830,Julia Zhu
kevinzhu0831,Pass0831,Kevin Zhu
lindazhu0832,Pass0832,Linda Zhu
martinzhu0833,Pass0833,Martin Zhu
ninazhu0834,Pass0834,Nina Zhu
oscarzhu0835,Pass0835,Oscar Zhu
paulazhu0836,Pass0836,Paula Zhu
quinnzhu0837,Pass0837,Quinn Zhu
rubyzhu0838,Pass0838,Ruby Zhu
samzhu0839,Pass0839,Sam Zhu
tinazhu0840,Pass0840,Tina Zhu
alicehu0841,Pass0841,Alice Hu
bobhu0842,Pass0842,Bob Hu
carolhu0843,Pass0843,Carol Hu
davidhu0844,Pass0844,David Hu
evahu0845,Pass0845,Eva Hu
frankhu0846,Pass0846,Frank Hu
gracehu0847,Pass0847,Grace Hu
henryhu0848,Pass0848,Henry Hu
ivyhu0849,Pass0849,Ivy Hu
jackhu0850,Pass0850,Jack Hu
kellyhu0851,Pass0851,Kelly Hu
leohu0852,Pass0852,Leo Hu
miahu0853,Pass0853,Mia Hu
noahhu0854,Pass0854,Noah Hu
oliviahu0855,Pass0855,Olivia Hu
peterhu0856,Pass0856,Peter Hu
queenhu0857,Pass0857,Queen Hu
ryanhu0858,Pass0858,Ryan Hu
sophiahu0859,Pass0859,Sophia Hu
tomhu0860,Pass0860,Tom Hu
umahu0861,Pass0861,Uma Hu
victorhu0862,Pass0862,Victor Hu
wendyhu0863,Pass0863,Wendy Hu
xavierhu0864,Pass0864,Xavier Hu
yunahu0865,Pass0865,Yuna Hu
zackhu0866,Pass0866,Zack Hu
amyhu0867,Pass0867,Amy Hu
brianhu0868,Pass0868,Brian Hu
cindyhu0869,Pass0869,Cindy Hu
derekhu0870,Pass0870,Derek Hu
emmahu0871,Pass0871,Emma Hu
felixhu0872,Pass0872,Felix Hu
ginahu0873,Pass0873,Gina Hu
howardhu0874,Pass0874,Howard Hu
islahu0875,Pass0875,Isla Hu
jasonhu0876,Pass0876,Jason Hu
katehu0877,Pass0877,Kate Hu
louishu0878,Pass0878,Louis Hu
mollyhu0879,Pass0879,Molly Hu
nathanhu0880,Pass0880,Nathan Hu
aaronhu0881,Pass0881,Aaron Hu
bellahu0882,Pass0882,Bella Hu
chrishu0883,Pass0883,Chris Hu
dianahu0884,Pass0884,Diana Hu
ethanhu0885,Pass0885,Ethan Hu
fionahu0886,Pass0886,Fiona Hu
georgehu0887,Pass0887,George Hu
hannahhu0888,Pass0888,Hannah Hu
ianhu0889,Pass0889,Ian Hu
juliahu0890,Pass0890,Julia Hu
kevinhu0891,Pass0891,Kevin Hu
lindahu0892,Pass0892,Linda Hu
martinhu0893,Pass0893,Martin Hu
ninahu0894,Pass0894,Nina Hu
oscarhu0895,Pass0895,Oscar Hu
paulahu0896,Pass0896,Paula Hu
quinnhu0897,Pass0897,Quinn Hu
rubyhu0898,Pass0898,Ruby Hu
samhu0899,Pass0899,Sam Hu
tinahu0900,Pass0900,Tina Hu
aliceguo0901,Pass0901,Alice Guo
bobguo0902,Pass0902,Bob Guo
carolguo0903,Pass0903,Carol Guo
davidguo0904,Pass0904,David Guo
evaguo0905,Pass0905,Eva Guo
frankguo0906,Pass0906,Frank Guo
graceguo0907,Pass0907,Grace Guo
henryguo0908,Pass0908,Henry Guo
ivyguo0909,Pass0909,Ivy Guo
jackguo0910,Pass0910,Jack Guo
kellyguo0911,Pass0911,Kelly Guo
leoguo0912,Pass0912,Leo Guo
miaguo0913,Pass0913,Mia Guo
noahguo0914,Pass0914,Noah Guo
oliviaguo0915,Pass0915,Olivia Guo
peterguo0916,Pass0916,Peter Guo
queenguo0917,Pass0917,Queen Guo
ryanguo0918,Pass0918,Ryan Guo
sophiaguo0919,Pass0919,Sophia Guo
tomguo0920,Pass0920,Tom Guo
umaguo0921,Pass0921,Uma Guo
victorguo0922,Pass0922,Victor Guo
wendyguo0923,Pass0923,Wendy Guo
xavierguo0924,Pass0924,Xavier Guo
yunaguo0925,Pass0925,Yuna Guo
zackguo0926,Pass0926,Zack Guo
amyguo0927,Pass0927,Amy Guo
brianguo0928,Pass0928,Brian Guo
cindyguo0929,Pass0929,Cindy Guo
derekguo0930,Pass0930,Derek Guo
emmaguo0931,Pass0931,Emma Guo
felixguo0932,Pass0932,Felix Guo
ginaguo0933,Pass0933,Gina Guo
howardguo0934,Pass0934,Howard Guo
islaguo0935,Pass0935,Isla Guo
jasonguo0936,Pass0936,Jason Guo
kateguo0937,Pass0937,Kate Guo
louisguo0938,Pass0938,Louis Guo
mollyguo0939,Pass0939,Molly Guo
nathanguo0940,Pass0940,Nathan Guo
aaronguo0941,Pass0941,Aaron Guo
bellaguo0942,Pass0942,Bella Guo
chrisguo0943,Pass0943,Chris Guo
dianaguo0944,Pass0944,Diana Guo
ethanguo0945,Pass0945,Ethan Guo
fionaguo0946,Pass0946,Fiona Guo
georgeguo0947,Pass0947,George Guo
hannahguo0948,Pass0948,Hannah Guo
ianguo0949,Pass0949,Ian Guo
juliaguo0950,Pass0950,Julia Guo
kevinguo0951,Pass0951,Kevin Guo
lindaguo0952,Pass0952,Linda Guo
martinguo0953,Pass0953,Martin Guo
ninaguo0954,Pass0954,Nina Guo
oscarguo0955,Pass0955,Oscar Guo
paulaguo0956,Pass0956,Paula Guo
quinnguo0957,Pass0957,Quinn Guo
rubyguo0958,Pass0958,Ruby Guo
samguo0959,Pass0959,Sam Guo
tinaguo0960,Pass0960,Tina Guo
alicehe0961,Pass0961,Alice He
bobhe0962,Pass0962,Bob He
carolhe0963,Pass0963,Carol He
davidhe0964,Pass0964,David He
evahe0965,Pass0965,Eva He
frankhe0966,Pass0966,Frank He
gracehe0967,Pass0967,Grace He
henryhe0968,Pass0968,Henry He
ivyhe0969,Pass0969,Ivy He
jackhe0970,Pass0970,Jack He
kellyhe0971,Pass0971,Kelly He
leohe0972,Pass0972,Leo He
miahe0973,Pass0973,Mia He
noahhe0974,Pass0974,Noah He
oliviahe0975,Pass0975,Olivia He
peterhe0976,Pass0976,Peter He
queenhe0977,Pass0977,Queen He
ryanhe0978,Pass0978,Ryan He
sophiahe0979,Pass0979,Sophia He
tomhe0980,Pass0980,Tom He
umahe0981,Pass0981,Uma He
victorhe0982,Pass0982,Victor He
wendyhe0983,Pass0983,Wendy He
xavierhe0984,Pass0984,Xavier He
yunahe0985,Pass0985,Yuna He
zackhe0986,Pass0986,Zack He
amyhe0987,Pass0987,Amy He
brianhe0988,Pass0988,Brian He
cindyhe0989,Pass0989,Cindy He
derekhe0990,Pass0990,Derek He
emmahe0991,Pass0991,Emma He
felixhe0992,Pass0992,Felix He
ginahe0993,Pass0993,Gina He
howardhe0994,Pass0994,Howard He
islahe0995,Pass0995,Isla He
jasonhe0996,Pass0996,Jason He
katehe0997,Pass0997,Kate He
louishe0998,Pass0998,Louis He
mollyhe0999,Pass0999,Molly He
nathanhe1000,Pass1000,Nathan He
